Modelo,Accuracy,Precision,Recall,F1-Score,Log-Loss
Random Forest,0.44943150364093176,0.3905303766814628,0.44943150364093176,0.4002831539596156,1.086571507183836
MLP Mínima (10),0.49949963803602604,0.24949988839812104,0.49949963803602604,0.332777524007814,1.0132614867144805
MLP Sugerida (32-16),0.49949963803602604,0.24949988839812104,0.49949963803602604,0.332777524007814,1.0128496195306746
