Métrica,Random Forest,MLP Neural Network,Diferencia (MLP - RF),Mejor Modelo
Accuracy,0.44943150364093176,0.49949963803602604,0.05006813439509428,MLP
Precision,0.3905303766814628,0.24949988839812104,-0.14103048828334175,Random Forest
Recall,0.44943150364093176,0.49949963803602604,0.05006813439509428,MLP
F1-Score,0.4002831539596156,0.332777524007814,-0.0675056299518016,Random Forest
