Modelo,Accuracy,Precision,Recall,F1-Score,Log-Loss
Random Forest,0.498232764127241,0.4982154552398435,0.498232764127241,0.4981040450320028,0.7323926048206099
MLP Mínima (10),0.49954222203296,0.49955026000495195,0.49954222203296,0.4995131050466683,0.693704791708032
MLP Sugerida (32-16),0.5001383979900353,0.49980750432956045,0.5001383979900353,0.4597073095374861,0.6935743780315039
