Feature,Importance
Ingresos_Anuales,0.3155438065374424
HistorialCredito,0.2679391486882165
Edad,0.2501176874718231
Telefono,0.10509068870815699
CodigoPostal,0.042160597933175815
Casado_no,0.0028622813348978633
Casado_si,0.002838692825606458
Pais_Perú,0.0021889569341801084
Pais_Colombia,0.0021836374951163346
Pais_México,0.002061260581511319
Genero_femenino,0.001958351437426656
Genero_masculino,0.00195677022608597
Pais_Argentina,0.0017961259269819144
Pais_Chile,0.0013019938993787247
